{
  "type": "getAddObjects",
  "data": {
      "addObjects": [
          {
              "region": 1,
              "area": 1,
              "id": 10002,
              "description": "12354123",
              "dgis": [
                  55.37561822577521,
                  36.69215038173731
              ]
          },
          {
              "region": 1,
              "area": 1,
              "id": 10001,
              "description": "1",
              "dgis": [
                  55.41962862149417,
                  36.70251583875451
              ]
          }
      ]
  }
}